{
    "AWSTemplateFormatVersion": "2010-09-09",
    "Description": "CloudFormation Preprocessing and Inference pipeline.\n",
    "Parameters": {
        "GitHubToken": {
            "Default": "fc9d294dc40a79b90f11bcaa6601c43af41c1954",
            "Description": "Go to https://github.com/settings/tokens",
            "Type": "String"
        },
        "GitHubUser": {
            "Default": "antopsnec",
            "Description": "GitHub UserName",
            "Type": "String"
        },
        "TrainingRepo": {
            "Default": "aidevops-inference",
            "Description": "GitHub Repo to pull from. Only the Name. not the URL",
            "Type": "String"
        },
        "InferenceRepo": {
            "Default": "aidevops-inference",
            "Description": "GitHub Repo to pull from. Only the Name. not the URL",
            "Type": "String"
        },
        "Branch": {
            "Default": "master",
            "Description": "Branch to use from Repo. Only the Name. not the URL",
            "Type": "String"
        },
        "PreBranch": {
            "Default": "master",
            "Description": "Branch to use from Repo. Only the Name. not the URL",
            "Type": "String"
        },
        "InferenceBucket": {
            "Default": "cop-group6-v2",
            "Description": "Bucket to use for the pipeline.",
            "Type": "String"
        }
    },
    "Metadata": {
        "AWS::CloudFormation::Interface": {
            "ParameterGroups": [
                {
                    "Label": {
                        "default": "Stack Settings"
                    },
                    "Parameters": [
                        "Email",
                        "GitHubToken",
                        "GitHubUser",
                        "TrainingRepo",
                        "InferenceRepo",
                        "Branch",
                        "PreBranch",
                        "InferenceBucket"
                    ]
                }
            ]
        }
    },
    "Resources": {
        "InferenceStoreBucket": {
            "Type": "AWS::S3::Bucket",
            "Properties": {
                "BucketName": {
                    "Ref": "InferenceBucket"
                },
                "VersioningConfiguration": {
                    "Status": "Enabled"
                }
            }
        },
        "ArtifactStoreBucket": {
            "Type": "AWS::S3::Bucket",
            "Properties": {
                "BucketName": {
                    "Fn::Sub": "${AWS::StackName}-anto-pipeline-artifact-store-v3"
                },
                "VersioningConfiguration": {
                    "Status": "Suspended"
                }
            }
        },
        "BuildProjectVtoI": {
            "Type": "AWS::CodeBuild::Project",
            "Properties": {
                "Name": {
                    "Fn::Sub": "${AWS::StackName}-anto-pipeline-inference-v1"
                },
                "Description": "Converting Videos to Images",
                "ServiceRole": {
                    "Fn::GetAtt": [
                        "CodeBuildRole",
                        "Arn"
                    ]
                },
                "Artifacts": {
                    "Type": "CODEPIPELINE"
                },
                "Environment": {
                    "Type": "LINUX_CONTAINER",
                    "ComputeType": "BUILD_GENERAL1_LARGE",
                    "Image": "aws/codebuild/amazonlinux2-x86_64-standard:2.0",
                    "PrivilegedMode": true
                },
                "Source": {
                    "Type": "CODEPIPELINE",
                    "BuildSpec": {
                        "Fn::Sub": "version: 0.2\nphases:\n  install:\n    commands:\n      - echo \"Installing CV2\" \n      - ls\n      - pip install opencv-python\n      - python --version\n  build:\n    commands:\n      - echo \"Running Python Script\"\n      - mkdir video-in \n      - aws s3 cp s3://cop-group6/video-in/carla-simulator-30mph.mp4 video-in/. \n      - ls -l video-in/ \n      - python code1.py \n      - ls -l video-out/ \n      - aws s3 sync video-out/. s3://cop-group6/video-out \n"
                    }
                },
                "TimeoutInMinutes": 30
            }
        },
        "InferencePipelineAnto": {
            "Type": "AWS::CodeBuild::Project",
            "Properties": {
                "Name": {
                    "Fn::Sub": "${AWS::StackName}-anto-pipeline-inference-v2"
                },
                "Description": "Predicts the input using Model Endpoint",
                "ServiceRole": {
                    "Fn::GetAtt": [
                        "CodeBuildRole",
                        "Arn"
                    ]
                },
                "Artifacts": {
                    "Type": "CODEPIPELINE"
                },
                "Environment": {
                    "Type": "LINUX_CONTAINER",
                    "ComputeType": "BUILD_GENERAL1_LARGE",
                    "Image": {
                        "Fn::Sub": "${AWS::AccountId}.dkr.ecr.${AWS::Region}.amazonaws.com/cop6aidevopsinference/latest:latest"
                    },
                    "PrivilegedMode": true,
					"ImagePullCredentialsType": "SERVICE_ROLE"
                },
                "Source": {
                    "Type": "CODEPIPELINE",
                    "BuildSpec": {
                        "Fn::Sub": "version: 0.2\nenv:\n  variables:\n    DEBIAN_FRONTEND: \"noninteractive\"\nphases:\n  install:\n    commands:\n      - echo \"Installing apt PKG\" \n      - apt-get update -y && apt-get install -y git \n      - apt-get install -y libmysqlclient-dev mysql-client libsm6 libxext6 libxrender-dev \n      - apt-get install -y curl libgl1-mesa-glx unzip vim \n      - echo \"Running Python Version Check\" \n      - python3 --version   \n      - pip3 --version \n      - echo \"Running Dependency installation\"  \n      - PROTOC_ZIP=protoc-3.7.1-linux-x86_64.zip && curl -OL https://github.com/protocolbuffers/protobuf/releases/download/v3.7.1/$PROTOC_ZIP && unzip -o $PROTOC_ZIP -d /usr/local bin/protoc &&  unzip -o $PROTOC_ZIP -d /usr/local 'include/*' && rm -f $PROTOC_ZIP  \n      - git clone https://github.com/tensorflow/models.git ;cd models ; git reset fe748d4a4a1576b57c279014ac0ceb47344399c4 --hard ; cd  .. \n      - protoc ./models/research/object_detection/protos/string_int_label_map.proto --python_out=.\n      - cp -R models/research/object_detection/ object_detection/ \n      - echo \"Running Python pip Installation\" \n      - pip3 install scikit-build\n      - pip3 install cython\n      - pip3 install cmake \n      - pip3 install tensorflow-object-detection-api \n      - pip3 install -r requirements.txt\n  build:\n    commands:\n      - echo \"Running Python Scripts\" \n      - echo \"Starting Prediction Python Scripts\" \n      - python3 codebuild-prediction.py\n      - echo \"Starting DataReduction Python Scripts\" \n      - python3 data_reduction.py\n      - echo \"Starting Objectdetection Python Scripts\" \n      - python3 codebuild-objectdetection.py\n      - echo \"Starting Signdetection Python Scripts\" \n      - python3 codebuild-signdetection.py\n"
                    }
                },
                "TimeoutInMinutes": 30
            }
        },
        "Pipeline": {
            "Type": "AWS::CodePipeline::Pipeline",
            "Properties": {
                "ArtifactStore": {
                    "Location": {
                        "Ref": "ArtifactStoreBucket"
                    },
                    "Type": "S3"
                },
                "DisableInboundStageTransitions": [],
                "Name": {
                    "Ref": "AWS::StackName"
                },
                "RoleArn": {
                    "Fn::GetAtt": [
                        "PipelineRole",
                        "Arn"
                    ]
                },
                "Stages": [
                    {
                        "Name": "Source",
                        "Actions": [
                            {
                                "Name": "Source-Git",
                                "ActionTypeId": {
                                    "Category": "Source",
                                    "Owner": "ThirdParty",
                                    "Provider": "GitHub",
                                    "Version": "1"
                                },
                                "Configuration": {
                                    "Owner": {
                                        "Ref": "GitHubUser"
                                    },
                                    "Repo": {
                                        "Ref": "InferenceRepo"
                                    },
                                    "Branch": {
                                        "Ref": "PreBranch"
                                    },
                                    "OAuthToken": {
                                        "Ref": "GitHubToken"
                                    }
                                },
                                "OutputArtifacts": [
                                    {
                                        "Name": "PreSourceCode"
                                    }
                                ],
                                "RunOrder": "1"
                            },
                            {
                                "Name": "Source-Data",
                                "ActionTypeId": {
                                    "Category": "Source",
                                    "Owner": "AWS",
                                    "Provider": "S3",
                                    "Version": "1"
                                },
                                "Configuration": {
                                    "S3Bucket": "cop-group6",
                                    "S3ObjectKey": "video-in/sample.zip"
                                },
                                "OutputArtifacts": [
                                    {
                                        "Name": "SourceData"
                                    }
                                ],
                                "RunOrder": "1"
                            }
                        ]
                    },
                    {
                        "Name": "Build",
                        "Actions": [
                            {
                                "Name": "Inference",
                                "ActionTypeId": {
                                    "Category": "Build",
                                    "Owner": "AWS",
                                    "Provider": "CodeBuild",
                                    "Version": "1"
                                },
                                "Configuration": {
                                    "ProjectName": {
                                        "Ref": "BuildProjectVtoI"
                                    }
                                },
                                "InputArtifacts": [
                                    {
                                        "Name": "PreSourceCode"
                                    }
                                ],
                                "OutputArtifacts": [
                                    {
                                        "Name": "BuildArtifacts"
                                    }
                                ],
                                "RunOrder": "1"
                            }
                        ]
                    },
					                    {
                        "Name": "BuildInference",
                        "Actions": [
                            {
                                "Name": "Inference",
                                "ActionTypeId": {
                                    "Category": "Build",
                                    "Owner": "AWS",
                                    "Provider": "CodeBuild",
                                    "Version": "1"
                                },
                                "Configuration": {
                                    "ProjectName": {
                                        "Ref": "InferencePipelineAnto"
                                    }
                                },
                                "InputArtifacts": [
                                    {
                                        "Name": "PreSourceCode"
                                    }
                                ],
                                "RunOrder": "1"
                            }
                        ]
                    }
                ]
            }
        },
        "CodeBuildRole": {
            "Type": "AWS::IAM::Role",
            "Properties": {
                "RoleName": {
                    "Fn::Sub": "${AWS::StackName}-anto-codebuild-role-v2"
                },
                "AssumeRolePolicyDocument": {
                    "Statement": [
                        {
                            "Action": [
                                "sts:AssumeRole"
                            ],
                            "Effect": "Allow",
                            "Principal": {
                                "Service": [
                                    "codebuild.amazonaws.com",
                                    "sagemaker.amazonaws.com"
                                ]
                            }
                        }
                    ],
                    "Version": "2012-10-17"
                },
                "Path": "/",
                "ManagedPolicyArns": [
                    "arn:aws:iam::aws:policy/AmazonSageMakerFullAccess",
                    "arn:aws:iam::aws:policy/AmazonEC2ContainerRegistryPowerUser"
                ],
                "Policies": [
                    {
                        "PolicyName": "UploadAccesss",
                        "PolicyDocument": {
                            "Version": "2012-10-17",
                            "Statement": [
                                {
                                    "Action": [
                                        "codepipeline:*",
                                        "sagemaker:*",
                                        "s3:*",
                                        "logs:CreateLogGroup",
                                        "logs:CreateLogStream",
                                        "logs:PutLogEvents",
                                        "ecr:*"
                                    ],
                                    "Effect": "Allow",
                                    "Resource": "*"
                                },
                                {
                                    "Action": [
                                        "iam:PassRole"
                                    ],
                                    "Effect": "Allow",
                                    "Resource": {
                                        "Fn::Sub": "arn:aws:iam::${AWS::AccountId}:role/${AWS::StackName}-anto-sagemaker-role"
                                    }
                                }
                            ]
                        }
                    }
                ]
            }
        },
        "PipelineRole": {
            "Type": "AWS::IAM::Role",
            "Properties": {
                "RoleName": {
                    "Fn::Sub": "${AWS::StackName}-anto-pipeline-role-v2"
                },
                "AssumeRolePolicyDocument": {
                    "Statement": [
                        {
                            "Action": [
                                "sts:AssumeRole"
                            ],
                            "Effect": "Allow",
                            "Principal": {
                                "Service": [
                                    "codepipeline.amazonaws.com"
                                ]
                            }
                        }
                    ],
                    "Version": "2012-10-17"
                },
                "Path": "/",
                "Policies": [
                    {
                        "PolicyName": "CodePipelineAccess",
                        "PolicyDocument": {
                            "Version": "2012-10-17",
                            "Statement": [
                                {
                                    "Action": [
                                        "s3:*",
                                        "codebuild:*",
                                        "cloudformation:CreateStack",
                                        "cloudformation:DescribeStacks",
                                        "cloudformation:DeleteStack",
                                        "cloudformation:UpdateStack",
                                        "cloudformation:CreateChangeSet",
                                        "cloudformation:ExecuteChangeSet",
                                        "cloudformation:DeleteChangeSet",
                                        "cloudformation:DescribeChangeSet",
                                        "cloudformation:SetStackPolicy",
                                        "iam:PassRole",
                                        "sns:Publish"
                                    ],
                                    "Effect": "Allow",
                                    "Resource": "*"
                                }
                            ]
                        }
                    }
                ]
            }
        }
    },
    "Outputs": {
        "PipelineUrl": {
            "Value": {
                "Fn::Sub": "https://console.aws.amazon.com/codepipeline/home?region=${AWS::Region}#/view/${Pipeline}"
            },
            "Description": "CodePipeline URL"
        }
    }
}