{
    "AWSTemplateFormatVersion": "2010-09-09",
    "Description": "SageMaker Training pipeline.\n",
    "Parameters": {
        "GitHubToken": {
            "Default": "fc9d294dc40a79b90f11bcaa6601c43af41c1954",
            "Description": "Go to https://github.com/settings/tokens",
            "Type": "String"
        },
        "GitHubUser": {
            "Default": "antopsnec",
            "Description": "GitHub UserName",
            "Type": "String"
        },
        "TrainingRepo": {
            "Default": "ai-devops-docker",
            "Description": "GitHub Repo to pull from. Only the Name. not the URL",
            "Type": "String"
        },
        "InferenceRepo": {
            "Default": "ai-devops-docker",
            "Description": "GitHub Repo to pull from. Only the Name. not the URL",
            "Type": "String"
        },
        "Branch": {
            "Default": "master",
            "Description": "Branch to use from Repo. Only the Name. not the URL",
            "Type": "String"
        },
        "TrainingRepositoryECR": {
            "Default": "aidevops_docker/v1",
            "Description": "ECR repo used for training ML jobs",
            "Type": "String"
        },
        "InferenceRepositoryECR": {
            "Default": "aidevops_docker/v1",
            "Description": "ECR repo used for training ML jobs",
            "Type": "String"
        }
    },
    "Metadata": {
        "AWS::CloudFormation::Interface": {
            "ParameterGroups": [
                {
                    "Label": {
                        "default": "Stack Settings"
                    },
                    "Parameters": [
                        "Email",
                        "GitHubToken",
                        "GitHubUser",
                        "TrainingRepo",
                        "InferenceRepo",
                        "Branch",
                        "InferenceRepositoryECR",
                        "TrainingRepositoryECR"
                    ]
                }
            ]
        }
    },
    "Resources": {
        "ArtifactStoreBucket": {
            "Type": "AWS::S3::Bucket",
            "Properties": {
                "BucketName": {
                    "Fn::Sub": "${AWS::StackName}-anto-pipeline-artifact-store-v2"
                },
                "VersioningConfiguration": {
                    "Status": "Suspended"
                }
            }
        },
        "BuildProject": {
            "Type": "AWS::CodeBuild::Project",
            "Properties": {
                "Name": {
                    "Fn::Sub": "${AWS::StackName}-anto-pipeline-modeltraining"
                },
                "Description": "Trains machine learning model using SageMaker",
                "ServiceRole": {
                    "Fn::GetAtt": [
                        "CodeBuildRole",
                        "Arn"
                    ]
                },
                "Artifacts": {
                    "Type": "CODEPIPELINE"
                },
                "Environment": {
                    "Type": "LINUX_CONTAINER",
                    "ComputeType": "BUILD_GENERAL1_SMALL",
                    "Image": "aws/codebuild/amazonlinux2-x86_64-standard:2.0",
                    "PrivilegedMode": true
                },
                "Source": {
                    "Type": "CODEPIPELINE",
                    "BuildSpec": {
                        "Fn::Sub": "version: 0.2\nphases:\n  install:\n    commands:\n      - echo \"Copying Training Data\"\n      - ls\n      - mkdir training-data\n      - aws s3 sync s3://cop-group6/training-data training-data/.\n  build:\n    commands:\n      - sh build.sh \n"
                    }
                },
                "TimeoutInMinutes": 30
            }
        },
        "ModelTrainingAndDeployProject": {
            "Type": "AWS::CodeBuild::Project",
            "Properties": {
                "Name": {
                    "Fn::Sub": "${AWS::StackName}-anto-pipeline-test-qa"
                },
                "Description": "Checks if endpoint is working",
                "ServiceRole": {
                    "Fn::GetAtt": [
                        "CodeBuildRole",
                        "Arn"
                    ]
                },
                "Artifacts": {
                    "Type": "CODEPIPELINE"
                },
                "Environment": {
                    "Type": "LINUX_CONTAINER",
                    "ComputeType": "BUILD_GENERAL1_SMALL",
                    "Image": "aws/codebuild/amazonlinux2-x86_64-standard:2.0",
                    "PrivilegedMode": true
                },
                "Source": {
                    "Type": "CODEPIPELINE",
                    "BuildSpec": {
                        "Fn::Sub": "version: 0.2\nphases:\n  install:\n    commands:\n      - echo \"Installing awscli and sagemaker\"\n      - pip install pip\n      - pip install awscli\n      - pip install sagemaker\n\n  pre_build:\n    commands:\n      - touch train1.py\n\n  build:\n    commands:\n    - echo \"Running Training code\"\n    - python codebuild-training.py\n    - echo \"Running Deployment code\"\n    - python codebuild-deploy.py\n"
                    }
                },
                "TimeoutInMinutes": 30
            }
        },
        "Pipeline": {
            "Type": "AWS::CodePipeline::Pipeline",
            "Properties": {
                "ArtifactStore": {
                    "Location": {
                        "Ref": "ArtifactStoreBucket"
                    },
                    "Type": "S3"
                },
                "DisableInboundStageTransitions": [],
                "Name": {
                    "Ref": "AWS::StackName"
                },
                "RoleArn": {
                    "Fn::GetAtt": [
                        "PipelineRole",
                        "Arn"
                    ]
                },
                "Stages": [
                    {
                        "Name": "Source",
                        "Actions": [
                            {
                                "Name": "Source",
                                "ActionTypeId": {
                                    "Category": "Source",
                                    "Owner": "ThirdParty",
                                    "Provider": "GitHub",
                                    "Version": "1"
                                },
                                "Configuration": {
                                    "Owner": {
                                        "Ref": "GitHubUser"
                                    },
                                    "Repo": {
                                        "Ref": "TrainingRepo"
                                    },
                                    "Branch": {
                                        "Ref": "Branch"
                                    },
                                    "OAuthToken": {
                                        "Ref": "GitHubToken"
                                    }
                                },
                                "OutputArtifacts": [
                                    {
                                        "Name": "TrainingSource"
                                    }
                                ],
                                "RunOrder": "1"
                            }
                        ]
                    },
                    {
                        "Name": "Build",
                        "Actions": [
                            {
                                "Name": "ModelTraining",
                                "ActionTypeId": {
                                    "Category": "Build",
                                    "Owner": "AWS",
                                    "Provider": "CodeBuild",
                                    "Version": "1"
                                },
                                "Configuration": {
                                    "ProjectName": {
                                        "Ref": "BuildProject"
                                    }
                                },
                                "InputArtifacts": [
                                    {
                                        "Name": "TrainingSource"
                                    }
                                ],
                                "OutputArtifacts": [
                                    {
                                        "Name": "BuildArtifacts"
                                    }
                                ],
                                "RunOrder": "1"
                            }
                        ]
                    },
                    {
                        "Name": "TrainAndDeploy",
                        "Actions": [
                            {
                                "Name": "LaunchEndpoint",
                                "ActionTypeId": {
                                    "Category": "Build",
                                    "Owner": "AWS",
                                    "Provider": "CodeBuild",
                                    "Version": "1"
                                },
                                "InputArtifacts": [
                                    {
                                        "Name": "TrainingSource"
                                    }
                                ],
                                "Configuration": {
                                    "ProjectName": {
                                        "Ref": "ModelTrainingAndDeployProject"
                                    }
                                },
                                "RunOrder": "1"
                            }
                        ]
                    }
                ]
            }
        },
        "CodeBuildRole": {
            "Type": "AWS::IAM::Role",
            "Properties": {
                "RoleName": {
                    "Fn::Sub": "${AWS::StackName}-anto-codebuild-role-v2"
                },
                "AssumeRolePolicyDocument": {
                    "Statement": [
                        {
                            "Action": [
                                "sts:AssumeRole"
                            ],
                            "Effect": "Allow",
                            "Principal": {
                                "Service": [
                                    "codebuild.amazonaws.com",
                                    "sagemaker.amazonaws.com"
                                ]
                            }
                        }
                    ],
                    "Version": "2012-10-17"
                },
                "Path": "/",
                "ManagedPolicyArns": [
                    "arn:aws:iam::aws:policy/AmazonSageMakerFullAccess",
                    "arn:aws:iam::aws:policy/AmazonEC2ContainerRegistryPowerUser"
                ],
                "Policies": [
                    {
                        "PolicyName": "UploadAccesss",
                        "PolicyDocument": {
                            "Version": "2012-10-17",
                            "Statement": [
                                {
                                    "Action": [
                                        "codepipeline:*",
                                        "sagemaker:*",
                                        "s3:*",
                                        "logs:CreateLogGroup",
                                        "logs:CreateLogStream",
                                        "logs:PutLogEvents",
                                        "ecr:*"
                                    ],
                                    "Effect": "Allow",
                                    "Resource": "*"
                                },
                                {
                                    "Action": [
                                        "iam:PassRole"
                                    ],
                                    "Effect": "Allow",
                                    "Resource": {
                                        "Fn::Sub": "arn:aws:iam::${AWS::AccountId}:role/${AWS::StackName}-sagemaker-role"
                                    }
                                }
                            ]
                        }
                    }
                ]
            }
        },
        "PipelineRole": {
            "Type": "AWS::IAM::Role",
            "Properties": {
                "RoleName": {
                    "Fn::Sub": "${AWS::StackName}-anto-pipeline-role-v2"
                },
                "AssumeRolePolicyDocument": {
                    "Statement": [
                        {
                            "Action": [
                                "sts:AssumeRole"
                            ],
                            "Effect": "Allow",
                            "Principal": {
                                "Service": [
                                    "codepipeline.amazonaws.com"
                                ]
                            }
                        }
                    ],
                    "Version": "2012-10-17"
                },
                "Path": "/",
                "Policies": [
                    {
                        "PolicyName": "CodePipelineAccess",
                        "PolicyDocument": {
                            "Version": "2012-10-17",
                            "Statement": [
                                {
                                    "Action": [
                                        "s3:*",
                                        "codebuild:*",
                                        "cloudformation:CreateStack",
                                        "cloudformation:DescribeStacks",
                                        "cloudformation:DeleteStack",
                                        "cloudformation:UpdateStack",
                                        "cloudformation:CreateChangeSet",
                                        "cloudformation:ExecuteChangeSet",
                                        "cloudformation:DeleteChangeSet",
                                        "cloudformation:DescribeChangeSet",
                                        "cloudformation:SetStackPolicy",
                                        "iam:PassRole",
                                        "sns:Publish"
                                    ],
                                    "Effect": "Allow",
                                    "Resource": "*"
                                }
                            ]
                        }
                    }
                ]
            }
        }
    },
    "Outputs": {
        "PipelineUrl": {
            "Value": {
                "Fn::Sub": "https://console.aws.amazon.com/codepipeline/home?region=${AWS::Region}#/view/${Pipeline}"
            },
            "Description": "CodePipeline URL"
        }
    }
}